{"is_source_file": false, "format": "", "description": "", "external_files": [], "external_methods": [], "published": [], "classes": [], "methods": [], "calls": [], "search-terms": [], "state": 2, "file_id": 1, "knowledge_revision": 18, "git_revision": "86975452e3de209d2a095218be41e307eabd48d8", "hash": "6fcd95f6929bbe002bd102edf811f6eb", "format-version": 4, "code-base-name": "tic_tac_toe_frontend", "filename": "README.md", "revision_history": [{"18": "86975452e3de209d2a095218be41e307eabd48d8"}]}