{"is_source_file": true, "format": "JavaScript", "description": "This file serves as the entry point for a React application, setting up the root rendering of the main App component into the DOM.", "external_files": ["./index.css", "./App"], "external_methods": ["ReactDOM.createRoot", "root.render"], "published": [], "classes": [], "methods": [], "calls": ["ReactDOM.createRoot", "root.render"], "search-terms": ["React", "ReactDOM", "createRoot", "render", "index.js"], "state": 2, "file_id": 10, "knowledge_revision": 23, "git_revision": "d3ad0b0d60a9e56f49ac4842f5c0184855a49967", "ctags": [{"_type": "tag", "name": "root", "path": "/home/kavia/workspace/code-generation/tic-tac-toe-classic-320182-320191/tic_tac_toe_frontend/src/index.js", "pattern": "/^const root = ReactDOM.createRoot(document.getElementById('root'));$/", "language": "JavaScript", "kind": "constant"}], "hash": "9fc5841375336fc175b49f8767a11383", "format-version": 4, "code-base-name": "tic_tac_toe_frontend", "filename": "tic_tac_toe_frontend/src/index.js", "revision_history": [{"23": "d3ad0b0d60a9e56f49ac4842f5c0184855a49967"}]}