{"is_source_file": false, "format": "", "description": "", "external_files": [], "external_methods": [], "published": [], "classes": [], "methods": [], "calls": [], "search-terms": ["CSS variables", "theme management", "dark mode", "responsive design", ".App", ".theme-toggle", "@media", "@keyframes"], "state": 2, "file_id": 7, "knowledge_revision": 20, "git_revision": "d3ad0b0d60a9e56f49ac4842f5c0184855a49967", "hash": "22f9e17cc1848b56dbb244518ac2707e", "format-version": 4, "code-base-name": "tic_tac_toe_frontend", "filename": "tic_tac_toe_frontend/src/App.css", "revision_history": [{"20": "d3ad0b0d60a9e56f49ac4842f5c0184855a49967"}]}