{"is_source_file": false, "format": "", "description": "", "external_files": [], "external_methods": [], "published": [], "classes": [], "methods": [], "calls": [], "search-terms": [], "state": 2, "file_id": 4, "knowledge_revision": 19, "git_revision": "d3ad0b0d60a9e56f49ac4842f5c0184855a49967", "hash": "ebece526bc2eadd78ddd787a76c56607", "format-version": 4, "code-base-name": "tic_tac_toe_frontend", "filename": "tic_tac_toe_frontend/README.md", "revision_history": [{"19": "d3ad0b0d60a9e56f49ac4842f5c0184855a49967"}]}